epoch,time,train/box_loss,train/cls_loss,train/dfl_loss,metrics/precision(B),metrics/recall(B),metrics/mAP50(B),metrics/mAP50-95(B),val/box_loss,val/cls_loss,val/dfl_loss,lr/pg0,lr/pg1,lr/pg2
1,11.5725,2.84032,5.85595,1.6292,0,0,0,0,2.47646,5.331,1.71887,2.25e-05,2.25e-05,2.25e-05
2,14.3622,2.35993,5.55684,1.34631,0,0,0,0,2.08274,5.25863,1.33428,4.73433e-05,4.73433e-05,4.73433e-05
3,18.8063,2.14197,5.27828,1.20071,0,0,0,0,1.87059,5.08505,1.15023,7.20215e-05,7.20215e-05,7.20215e-05
4,22.9958,1.99377,5.02028,1.09148,0,0,0,0,1.67479,4.97636,1.05601,9.65348e-05,9.65348e-05,9.65348e-05
5,26.1667,1.93955,4.65249,1.04862,0.02163,0.01703,0.01451,0.00892,1.60376,4.82223,1.03489,0.000120883,0.000120883,0.000120883
6,29.3417,1.86435,4.31388,1.05892,0.01749,0.21282,0.0252,0.01283,1.61432,4.53806,1.0303,0.000145066,0.000145066,0.000145066
7,33.2751,1.87837,4.13504,1.03225,0.02547,0.42728,0.04303,0.02104,1.63602,4.23275,1.03661,0.000169085,0.000169085,0.000169085
8,37.7306,1.77471,3.87582,1.01183,0.01958,0.5148,0.04565,0.02455,1.60794,3.9504,1.02389,0.000192938,0.000192938,0.000192938
9,40.9924,1.77243,3.71224,1.02762,0.02122,0.6191,0.05027,0.02872,1.64015,3.69149,1.02986,0.000216626,0.000216626,0.000216626
10,44.1149,1.76649,3.57839,1.02094,0.02178,0.68909,0.05583,0.03149,1.58381,3.50458,1.01514,0.000240149,0.000240149,0.000240149
11,47.1307,1.70788,3.41621,1.0191,0.02113,0.73501,0.05603,0.03084,1.58816,3.37537,1.0191,0.00024175,0.00024175,0.00024175
12,52.1389,1.71867,3.34788,1.01686,0.02028,0.76457,0.06131,0.03504,1.58271,3.25989,1.02248,0.000240925,0.000240925,0.000240925
13,55.5446,1.69535,3.31351,1.01028,0.02739,0.78613,0.06649,0.03855,1.58336,3.25063,1.02633,0.0002401,0.0002401,0.0002401
14,58.7071,1.64387,3.22821,1.0086,0.02408,0.82784,0.07093,0.04163,1.58229,3.11096,1.06309,0.000239275,0.000239275,0.000239275
15,61.9268,1.69389,3.23584,1.0048,0.08445,0.62922,0.08607,0.05238,1.56424,3.05777,1.06145,0.00023845,0.00023845,0.00023845
16,66.7115,1.63819,3.07974,1.01398,0.35689,0.13503,0.08269,0.04946,1.55611,3.01579,1.05032,0.000237625,0.000237625,0.000237625
17,70.0258,1.62449,3.01286,0.99531,0.35711,0.15759,0.08528,0.04966,1.56957,2.97507,1.05761,0.0002368,0.0002368,0.0002368
18,73.1132,1.64781,3.01578,0.99489,0.38122,0.12009,0.08214,0.04723,1.55405,2.99889,1.04879,0.000235975,0.000235975,0.000235975
19,76.4274,1.61245,2.93,1.00647,0.42836,0.1085,0.09572,0.05546,1.56482,2.89198,1.04984,0.00023515,0.00023515,0.00023515
20,80.714,1.55164,2.84797,1.00138,0.31251,0.21642,0.12972,0.0803,1.532,2.62705,1.03746,0.000234325,0.000234325,0.000234325
21,84.6291,1.6216,2.85411,1.00603,0.37678,0.17719,0.15177,0.08887,1.54766,2.54874,1.04584,0.0002335,0.0002335,0.0002335
22,87.8269,1.60649,2.78089,1.00438,0.45325,0.20666,0.17062,0.10281,1.52178,2.57899,1.05359,0.000232675,0.000232675,0.000232675
23,91.0846,1.51348,2.70746,0.99794,0.43136,0.22776,0.17482,0.10651,1.54919,2.56579,1.06645,0.00023185,0.00023185,0.00023185
24,97.9046,1.54665,2.67238,0.99826,0.44296,0.21917,0.18853,0.12097,1.5318,2.51678,1.06876,0.000231025,0.000231025,0.000231025
25,101.153,1.54859,2.65164,1.00967,0.44177,0.21902,0.20537,0.13104,1.54944,2.46892,1.0656,0.0002302,0.0002302,0.0002302
26,104.509,1.5105,2.6491,0.99442,0.44554,0.22605,0.2191,0.13716,1.51252,2.47002,1.0387,0.000229375,0.000229375,0.000229375
27,107.917,1.52192,2.59307,0.99966,0.46351,0.22303,0.23402,0.14741,1.48259,2.402,1.03729,0.00022855,0.00022855,0.00022855
28,113.07,1.46907,2.56913,0.96881,0.47163,0.23447,0.26209,0.15939,1.51122,2.29931,1.06382,0.000227725,0.000227725,0.000227725
29,116.59,1.5681,2.55897,0.98518,0.4529,0.24534,0.27134,0.16645,1.52078,2.26489,1.06992,0.0002269,0.0002269,0.0002269
30,119.772,1.51601,2.47094,0.97904,0.4661,0.26651,0.2906,0.18415,1.51143,2.21021,1.05123,0.000226075,0.000226075,0.000226075
31,123.098,1.5002,2.39654,0.99138,0.46551,0.27671,0.28729,0.18769,1.50851,2.17815,1.05928,0.00022525,0.00022525,0.00022525
32,127.826,1.4687,2.42286,0.97845,0.46754,0.30541,0.31312,0.19929,1.50282,2.15627,1.06913,0.000224425,0.000224425,0.000224425
33,131.492,1.48463,2.3681,0.98057,0.43725,0.30788,0.31989,0.20169,1.51981,2.16048,1.06812,0.0002236,0.0002236,0.0002236
34,134.717,1.47666,2.32324,0.98168,0.46686,0.33648,0.33396,0.21445,1.48647,2.05746,1.0557,0.000222775,0.000222775,0.000222775
35,137.975,1.47221,2.30466,0.98782,0.43262,0.34093,0.34,0.22185,1.50198,2.04186,1.06122,0.00022195,0.00022195,0.00022195
36,142.611,1.47619,2.25867,0.96857,0.40369,0.33242,0.35193,0.2299,1.48737,2.02445,1.05412,0.000221125,0.000221125,0.000221125
37,146.232,1.47381,2.25746,0.99718,0.40712,0.37962,0.36829,0.23844,1.46614,1.97118,1.04206,0.0002203,0.0002203,0.0002203
38,149.423,1.44014,2.1936,0.9626,0.47425,0.43813,0.40757,0.26434,1.44407,1.86897,1.03871,0.000219475,0.000219475,0.000219475
39,152.861,1.47022,2.2268,0.99236,0.5581,0.39962,0.42262,0.27412,1.44813,1.8389,1.0472,0.00021865,0.00021865,0.00021865
40,156.943,1.4212,2.17043,0.9713,0.53146,0.40658,0.42745,0.27467,1.44481,1.89621,1.04686,0.000217825,0.000217825,0.000217825
41,160.941,1.38413,2.05687,0.95665,0.45604,0.41568,0.4236,0.28142,1.43521,1.86631,1.04254,0.000217,0.000217,0.000217
42,164.256,1.45572,2.11461,0.97105,0.43725,0.47082,0.41713,0.26951,1.47693,1.78387,1.05374,0.000216175,0.000216175,0.000216175
43,167.405,1.41982,2.07576,0.97322,0.48021,0.42963,0.44581,0.29415,1.45343,1.80688,1.04438,0.00021535,0.00021535,0.00021535
44,171.394,1.40083,2.08801,0.95877,0.50464,0.44156,0.45342,0.30532,1.46382,1.77919,1.05203,0.000214525,0.000214525,0.000214525
45,175.85,1.42679,2.01725,0.98139,0.4928,0.45149,0.46591,0.31033,1.43061,1.80518,1.04675,0.0002137,0.0002137,0.0002137
46,179.061,1.37463,2.01394,0.95011,0.48744,0.49505,0.49699,0.3377,1.4395,1.68999,1.04829,0.000212875,0.000212875,0.000212875
47,182.106,1.43318,2.02898,0.97432,0.46414,0.517,0.49584,0.33214,1.44076,1.63073,1.05417,0.00021205,0.00021205,0.00021205
48,185.734,1.37872,1.94924,0.96769,0.51508,0.51807,0.52749,0.34889,1.45196,1.62253,1.06159,0.000211225,0.000211225,0.000211225
49,190.487,1.35789,1.84569,0.95911,0.52888,0.50262,0.53963,0.36193,1.42665,1.61648,1.05335,0.0002104,0.0002104,0.0002104
50,193.654,1.38035,1.89278,0.98361,0.4842,0.48275,0.52679,0.35346,1.4279,1.63732,1.05547,0.000209575,0.000209575,0.000209575
51,196.904,1.35827,1.87313,0.95093,0.47275,0.50175,0.53855,0.36166,1.41561,1.62824,1.04765,0.00020875,0.00020875,0.00020875
52,200.197,1.28932,1.83007,0.9525,0.52897,0.55464,0.57254,0.3605,1.50499,1.63003,1.0612,0.000207925,0.000207925,0.000207925
53,205.034,1.40934,1.81961,0.95574,0.54581,0.5439,0.57303,0.38566,1.42329,1.59441,1.04776,0.0002071,0.0002071,0.0002071
54,208.587,1.34747,1.82031,0.94802,0.50251,0.58062,0.57381,0.37115,1.47663,1.52489,1.05886,0.000206275,0.000206275,0.000206275
55,211.722,1.3517,1.81272,0.94515,0.56375,0.54841,0.57651,0.37641,1.4587,1.53376,1.05482,0.00020545,0.00020545,0.00020545
56,214.792,1.3747,1.78665,0.95478,0.51305,0.58244,0.59078,0.39548,1.40204,1.51861,1.03748,0.000204625,0.000204625,0.000204625
57,219.603,1.35557,1.73036,0.96656,0.55185,0.5805,0.59518,0.39692,1.40526,1.45391,1.0431,0.0002038,0.0002038,0.0002038
58,223.716,1.35782,1.76694,0.9449,0.54086,0.60119,0.60774,0.4095,1.37544,1.42925,1.03816,0.000202975,0.000202975,0.000202975
59,226.863,1.33593,1.74339,0.98121,0.58841,0.583,0.62006,0.41662,1.39084,1.39368,1.03204,0.00020215,0.00020215,0.00020215
60,230.214,1.30787,1.67906,0.95379,0.58653,0.53362,0.60269,0.40306,1.4342,1.47167,1.05541,0.000201325,0.000201325,0.000201325
61,234.961,1.37137,1.72978,0.95825,0.62549,0.52399,0.61143,0.41177,1.41543,1.48092,1.05768,0.0002005,0.0002005,0.0002005
62,238.376,1.29929,1.68052,0.95718,0.59926,0.56357,0.64108,0.43973,1.36549,1.36231,1.03386,0.000199675,0.000199675,0.000199675
63,241.504,1.31399,1.69115,0.94908,0.60805,0.58225,0.63933,0.43225,1.37716,1.35533,1.04647,0.00019885,0.00019885,0.00019885
64,244.77,1.32604,1.68399,0.94504,0.69252,0.56309,0.65211,0.43687,1.36,1.32993,1.03329,0.000198025,0.000198025,0.000198025
65,249.189,1.32316,1.69772,0.93887,0.60788,0.57452,0.65807,0.44806,1.35419,1.33855,1.02792,0.0001972,0.0001972,0.0001972
66,253.092,1.27407,1.61368,0.94004,0.64856,0.59302,0.67048,0.44283,1.39259,1.34409,1.03857,0.000196375,0.000196375,0.000196375
67,256.063,1.2711,1.59169,0.93702,0.61751,0.60997,0.66757,0.44549,1.35244,1.29976,1.03366,0.00019555,0.00019555,0.00019555
68,259.454,1.28703,1.61286,0.94344,0.64461,0.58678,0.67604,0.46073,1.34002,1.30424,1.0351,0.000194725,0.000194725,0.000194725
69,263.65,1.29633,1.58368,0.94945,0.64193,0.58622,0.69567,0.46679,1.33842,1.32815,1.03174,0.0001939,0.0001939,0.0001939
70,267.686,1.30948,1.58728,0.94345,0.6379,0.59515,0.68809,0.46252,1.33183,1.26469,1.03305,0.000193075,0.000193075,0.000193075
71,271.049,1.2427,1.51799,0.93456,0.70783,0.56182,0.68121,0.45897,1.32083,1.25572,1.02922,0.00019225,0.00019225,0.00019225
72,274.181,1.24856,1.53514,0.95201,0.69587,0.60462,0.71046,0.47356,1.31134,1.25001,1.03007,0.000191425,0.000191425,0.000191425
73,278.095,1.26813,1.50396,0.93,0.6962,0.61254,0.69795,0.46298,1.31102,1.25495,1.02783,0.0001906,0.0001906,0.0001906
74,282.443,1.26414,1.53224,0.95284,0.75066,0.58094,0.69835,0.46313,1.3043,1.25345,1.01764,0.000189775,0.000189775,0.000189775
75,285.416,1.24159,1.47312,0.92151,0.59426,0.67716,0.69312,0.45955,1.30617,1.22182,1.0121,0.00018895,0.00018895,0.00018895
76,288.633,1.25128,1.46542,0.9341,0.69048,0.62722,0.71954,0.48126,1.34017,1.21704,1.02773,0.000188125,0.000188125,0.000188125
77,292.055,1.271,1.51473,0.9218,0.71824,0.64291,0.72922,0.49722,1.31529,1.21303,1.0295,0.0001873,0.0001873,0.0001873
78,297.177,1.20489,1.42135,0.94228,0.80301,0.61709,0.74817,0.5032,1.33008,1.23419,1.02372,0.000186475,0.000186475,0.000186475
79,300.193,1.22721,1.42944,0.91613,0.69731,0.67863,0.75043,0.5095,1.30392,1.19495,1.01486,0.00018565,0.00018565,0.00018565
80,303.854,1.22463,1.40951,0.93728,0.72141,0.6455,0.75684,0.51457,1.29835,1.16696,1.01469,0.000184825,0.000184825,0.000184825
81,307.095,1.29277,1.4466,0.93835,0.79048,0.62131,0.76292,0.51689,1.30699,1.19215,1.01728,0.000184,0.000184,0.000184
82,312.272,1.21347,1.38709,0.94648,0.76889,0.6092,0.7519,0.50283,1.32903,1.2248,1.0173,0.000183175,0.000183175,0.000183175
83,315.55,1.24323,1.44632,0.93671,0.70004,0.67168,0.7466,0.4999,1.29113,1.18431,1.01035,0.00018235,0.00018235,0.00018235
84,318.787,1.24325,1.42486,0.93207,0.70215,0.65712,0.75181,0.51351,1.31173,1.2045,1.01639,0.000181525,0.000181525,0.000181525
85,321.895,1.19555,1.34759,0.92694,0.64947,0.68848,0.73808,0.50787,1.29375,1.20252,1.0133,0.0001807,0.0001807,0.0001807
86,327.054,1.20154,1.36548,0.93834,0.71833,0.64398,0.74902,0.51079,1.29457,1.17537,1.00661,0.000179875,0.000179875,0.000179875
87,330.442,1.19344,1.41136,0.91182,0.80033,0.59199,0.77326,0.53571,1.26999,1.15244,1.00005,0.00017905,0.00017905,0.00017905
88,333.712,1.19626,1.34538,0.92439,0.72609,0.68717,0.785,0.54112,1.28306,1.13531,1.0053,0.000178225,0.000178225,0.000178225
89,336.977,1.16798,1.3318,0.90927,0.73367,0.64697,0.78639,0.54115,1.28869,1.13965,1.00844,0.0001774,0.0001774,0.0001774
90,342.114,1.18774,1.31415,0.92186,0.76016,0.65229,0.77629,0.53693,1.26578,1.10768,1.01502,0.000176575,0.000176575,0.000176575
91,345.394,1.17389,1.29511,0.91587,0.78807,0.65474,0.78323,0.53561,1.28974,1.1092,1.0141,0.00017575,0.00017575,0.00017575
92,348.626,1.18648,1.30517,0.93814,0.76956,0.70106,0.78098,0.53394,1.27363,1.10889,1.01105,0.000174925,0.000174925,0.000174925
93,351.694,1.20276,1.34701,0.93628,0.72589,0.73902,0.79525,0.54572,1.25282,1.10509,1.01362,0.0001741,0.0001741,0.0001741
94,356.684,1.13356,1.28912,0.91134,0.78264,0.7151,0.81538,0.55996,1.24547,1.09608,1.01066,0.000173275,0.000173275,0.000173275
95,360.259,1.21237,1.33823,0.92614,0.72202,0.72175,0.81745,0.56288,1.24046,1.08092,1.00536,0.00017245,0.00017245,0.00017245
96,363.54,1.1574,1.24216,0.91694,0.74309,0.71433,0.81866,0.55449,1.29229,1.08124,1.00615,0.000171625,0.000171625,0.000171625
97,366.843,1.17285,1.30169,0.91886,0.76454,0.69081,0.81241,0.55701,1.25988,1.08746,1.0038,0.0001708,0.0001708,0.0001708
98,371.674,1.18351,1.3101,0.9229,0.73839,0.71054,0.80701,0.56299,1.24321,1.10782,1.00731,0.000169975,0.000169975,0.000169975
99,375.292,1.14153,1.26696,0.91137,0.75338,0.71366,0.81438,0.56692,1.2269,1.08797,0.999,0.00016915,0.00016915,0.00016915
100,378.433,1.15311,1.26506,0.90196,0.8036,0.73383,0.83515,0.57756,1.22769,1.05099,0.99631,0.000168325,0.000168325,0.000168325
101,381.786,1.16066,1.25133,0.91801,0.75958,0.77058,0.84947,0.58158,1.22922,1.04364,0.99556,0.0001675,0.0001675,0.0001675
102,386.37,1.08785,1.20526,0.9065,0.74385,0.76805,0.83557,0.57085,1.23417,1.07185,1.00551,0.000166675,0.000166675,0.000166675
103,390.017,1.14843,1.23374,0.91286,0.80973,0.72578,0.84254,0.5734,1.25344,1.06078,1.0077,0.00016585,0.00016585,0.00016585
104,393.361,1.1702,1.28382,0.91972,0.8219,0.74329,0.84961,0.58592,1.22461,1.04228,0.99545,0.000165025,0.000165025,0.000165025
105,396.737,1.15736,1.23398,0.90839,0.77213,0.76726,0.84613,0.58822,1.21117,1.03576,0.99264,0.0001642,0.0001642,0.0001642
106,401.659,1.10991,1.20933,0.91534,0.78995,0.7537,0.83909,0.57681,1.22457,1.02585,0.99932,0.000163375,0.000163375,0.000163375
107,405.313,1.11315,1.18067,0.896,0.8,0.73538,0.83247,0.57097,1.24326,1.04246,1.01334,0.00016255,0.00016255,0.00016255
108,408.819,1.13684,1.22242,0.9212,0.76775,0.77431,0.83007,0.5727,1.2294,1.08278,1.00129,0.000161725,0.000161725,0.000161725
109,412.007,1.14407,1.23244,0.91381,0.75955,0.77245,0.82522,0.58047,1.21942,1.05234,1.00158,0.0001609,0.0001609,0.0001609
110,416.319,1.11631,1.2138,0.91541,0.79079,0.70555,0.83663,0.57691,1.25614,1.03281,1.00443,0.000160075,0.000160075,0.000160075
111,420.234,1.13228,1.18811,0.90196,0.74754,0.79068,0.84338,0.57209,1.27797,1.03728,1.00817,0.00015925,0.00015925,0.00015925
112,423.627,1.06869,1.13812,0.91028,0.78956,0.76525,0.85615,0.60641,1.18312,1.00237,0.99014,0.000158425,0.000158425,0.000158425
113,426.889,1.1427,1.24073,0.90964,0.78944,0.7566,0.84862,0.59262,1.21663,1.00301,1.00011,0.0001576,0.0001576,0.0001576
114,431.157,1.10991,1.20662,0.90963,0.78999,0.77626,0.84609,0.59459,1.19805,1.02509,0.99296,0.000156775,0.000156775,0.000156775
115,435.248,1.09928,1.17871,0.90273,0.77863,0.77914,0.85079,0.59929,1.18911,0.9959,0.99242,0.00015595,0.00015595,0.00015595
116,439.138,1.08076,1.17614,0.89383,0.76767,0.7756,0.83622,0.58187,1.2141,0.99107,1.00018,0.000155125,0.000155125,0.000155125
117,443.361,1.11085,1.14883,0.8996,0.8013,0.77484,0.85433,0.59849,1.18836,0.98367,0.99516,0.0001543,0.0001543,0.0001543
118,450.994,1.07695,1.14501,0.8941,0.81271,0.75972,0.86438,0.60745,1.18224,0.97592,0.99144,0.000153475,0.000153475,0.000153475
119,454.649,1.07338,1.11707,0.9091,0.81656,0.74433,0.85854,0.60484,1.19737,0.99205,0.99033,0.00015265,0.00015265,0.00015265
120,457.955,1.09228,1.126,0.91405,0.83334,0.72555,0.86325,0.5989,1.21403,0.97633,0.98806,0.000151825,0.000151825,0.000151825
121,462.065,1.06577,1.14773,0.88637,0.81344,0.74913,0.85741,0.60304,1.1842,0.95271,0.98255,0.000151,0.000151,0.000151
122,466.048,1.06389,1.13504,0.89247,0.82511,0.75589,0.86513,0.59541,1.22114,0.95161,0.99289,0.000150175,0.000150175,0.000150175
123,469.294,1.10349,1.11834,0.89552,0.82941,0.75643,0.86775,0.60105,1.18346,0.94868,0.98897,0.00014935,0.00014935,0.00014935
124,472.575,1.09704,1.15242,0.91323,0.76648,0.7786,0.863,0.59887,1.18706,0.9646,0.99927,0.000148525,0.000148525,0.000148525
125,476.71,1.09707,1.11626,0.89751,0.74994,0.79534,0.85888,0.59949,1.18141,0.96695,0.99825,0.0001477,0.0001477,0.0001477
126,481.16,1.08994,1.13527,0.90385,0.82141,0.75375,0.85372,0.59913,1.18113,0.94135,0.99435,0.000146875,0.000146875,0.000146875
127,484.546,1.05241,1.13918,0.91175,0.81859,0.75306,0.85831,0.60249,1.17128,0.93567,0.98433,0.00014605,0.00014605,0.00014605
128,487.84,1.03854,1.09738,0.88668,0.78527,0.78371,0.87005,0.61364,1.17815,0.91861,0.98758,0.000145225,0.000145225,0.000145225
129,491.822,1.07953,1.11435,0.8893,0.80625,0.75813,0.87935,0.61476,1.18073,0.92142,0.99114,0.0001444,0.0001444,0.0001444
130,496.077,1.06256,1.09582,0.89837,0.76995,0.83696,0.88697,0.61762,1.20003,0.93673,0.9908,0.000143575,0.000143575,0.000143575
131,499.16,1.0061,1.06984,0.88945,0.77562,0.84694,0.88812,0.62646,1.18226,0.92161,0.98277,0.00014275,0.00014275,0.00014275
132,502.514,1.04484,1.1074,0.89116,0.75717,0.82772,0.88532,0.62631,1.16193,0.90695,0.97774,0.000141925,0.000141925,0.000141925
133,506.06,1.04891,1.06911,0.89364,0.77305,0.81687,0.8819,0.62514,1.163,0.91444,0.9794,0.0001411,0.0001411,0.0001411
134,510.858,1.06078,1.09168,0.90359,0.7691,0.81967,0.88074,0.62405,1.16487,0.90908,0.98402,0.000140275,0.000140275,0.000140275
135,514.177,1.03933,1.05558,0.89482,0.77172,0.79952,0.88645,0.62989,1.15974,0.90451,0.98345,0.00013945,0.00013945,0.00013945
136,517.481,1.02261,1.0602,0.87549,0.80186,0.76355,0.88385,0.62177,1.17056,0.91136,0.9892,0.000138625,0.000138625,0.000138625
137,520.579,1.05124,1.04304,0.88473,0.78184,0.78093,0.87968,0.61447,1.16318,0.9055,0.98109,0.0001378,0.0001378,0.0001378
138,525.789,1.04105,1.0585,0.89351,0.76093,0.80842,0.89063,0.63539,1.14955,0.89949,0.9803,0.000136975,0.000136975,0.000136975
139,529.009,1.04376,1.08943,0.89547,0.77018,0.82041,0.89432,0.63171,1.14974,0.89402,0.97595,0.00013615,0.00013615,0.00013615
140,532.639,1.02286,1.0615,0.88819,0.81606,0.81074,0.90654,0.64313,1.14552,0.89177,0.96864,0.000135325,0.000135325,0.000135325
141,535.999,1.02964,1.06495,0.87953,0.86393,0.79316,0.90941,0.64975,1.14307,0.86752,0.9709,0.0001345,0.0001345,0.0001345
142,541.284,1.02785,1.06779,0.8813,0.85548,0.79743,0.90261,0.63662,1.17423,0.87507,0.9793,0.000133675,0.000133675,0.000133675
143,544.467,1.00419,1.04132,0.89135,0.85758,0.81095,0.89941,0.64245,1.15633,0.8769,0.9767,0.00013285,0.00013285,0.00013285
144,547.715,1.00353,1.0167,0.89106,0.84924,0.80421,0.89633,0.64081,1.13392,0.8709,0.97102,0.000132025,0.000132025,0.000132025
145,551.673,1.00816,1.0393,0.88147,0.83868,0.82085,0.89297,0.63442,1.14112,0.88076,0.97475,0.0001312,0.0001312,0.0001312
146,556.553,1.03712,1.09883,0.88426,0.83601,0.82144,0.89226,0.64266,1.14088,0.87753,0.97356,0.000130375,0.000130375,0.000130375
147,559.794,1.01064,1.02126,0.89979,0.87113,0.8019,0.89619,0.63731,1.13749,0.86798,0.97034,0.00012955,0.00012955,0.00012955
148,563.149,0.97762,1.00043,0.88003,0.83387,0.79131,0.89271,0.62968,1.1539,0.86869,0.97799,0.000128725,0.000128725,0.000128725
149,566.353,1.01532,1.02328,0.88428,0.80524,0.81546,0.89794,0.63776,1.1286,0.85866,0.97184,0.0001279,0.0001279,0.0001279
150,570.978,1.02384,1.05789,0.88394,0.83066,0.81227,0.90542,0.65006,1.12294,0.85687,0.96849,0.000127075,0.000127075,0.000127075
151,574.568,1.02272,1.05401,0.88134,0.82874,0.81161,0.9033,0.6486,1.13074,0.86345,0.96677,0.00012625,0.00012625,0.00012625
152,577.748,0.98042,0.98039,0.87301,0.84257,0.82617,0.91246,0.64763,1.13475,0.86189,0.97005,0.000125425,0.000125425,0.000125425
153,581.216,1.00128,1.01463,0.88617,0.85515,0.80598,0.90751,0.64477,1.13724,0.86072,0.97421,0.0001246,0.0001246,0.0001246
154,585.958,1.03647,1.05139,0.89589,0.81812,0.82713,0.90097,0.63135,1.13727,0.86442,0.9734,0.000123775,0.000123775,0.000123775
155,589.551,0.92751,0.95278,0.87527,0.85833,0.81213,0.8979,0.64285,1.13478,0.86369,0.98014,0.00012295,0.00012295,0.00012295
156,592.766,0.99038,1.01348,0.88103,0.85582,0.80182,0.90014,0.64123,1.13202,0.85329,0.97875,0.000122125,0.000122125,0.000122125
157,595.941,1.00956,1.04628,0.87587,0.85739,0.80859,0.90233,0.64345,1.12918,0.84544,0.9772,0.0001213,0.0001213,0.0001213
158,600.516,0.95078,0.97732,0.87298,0.84973,0.81846,0.9072,0.65219,1.12139,0.84987,0.96646,0.000120475,0.000120475,0.000120475
159,604.32,0.99334,0.96752,0.87988,0.84992,0.80341,0.90298,0.64777,1.10968,0.84358,0.96552,0.00011965,0.00011965,0.00011965
160,607.406,0.96349,0.98967,0.86875,0.81451,0.8312,0.90104,0.65061,1.11029,0.8515,0.97238,0.000118825,0.000118825,0.000118825
161,610.673,0.95741,0.96254,0.88239,0.79912,0.81474,0.90056,0.64954,1.11643,0.85741,0.97313,0.000118,0.000118,0.000118
162,614.903,1.00127,1.00781,0.88594,0.84726,0.80001,0.9033,0.64573,1.10909,0.83719,0.97496,0.000117175,0.000117175,0.000117175
163,618.956,0.97037,0.99561,0.8721,0.87471,0.79906,0.90526,0.6514,1.10639,0.8312,0.97356,0.00011635,0.00011635,0.00011635
164,622.234,0.94792,0.96036,0.87281,0.85989,0.81722,0.90742,0.64886,1.11477,0.82835,0.97298,0.000115525,0.000115525,0.000115525
165,625.601,0.96314,0.98146,0.87448,0.87951,0.79547,0.9126,0.66077,1.11368,0.8263,0.96939,0.0001147,0.0001147,0.0001147
166,629.502,0.92335,0.91522,0.87158,0.83811,0.83021,0.90664,0.66041,1.10017,0.82904,0.96764,0.000113875,0.000113875,0.000113875
167,633.698,0.98977,0.98321,0.87845,0.85143,0.82827,0.90386,0.65668,1.09672,0.83654,0.9645,0.00011305,0.00011305,0.00011305
168,637.22,1.00665,1.00861,0.88179,0.87337,0.80552,0.91002,0.65328,1.10328,0.83186,0.96702,0.000112225,0.000112225,0.000112225
169,640.398,0.98456,0.99558,0.87735,0.88523,0.81044,0.91033,0.66386,1.09189,0.81812,0.96153,0.0001114,0.0001114,0.0001114
170,644.428,0.97349,0.96187,0.87115,0.87812,0.81144,0.91532,0.66595,1.09912,0.81746,0.96239,0.000110575,0.000110575,0.000110575
171,648.767,0.935,0.95276,0.87972,0.88595,0.80352,0.90975,0.65639,1.11022,0.81879,0.96466,0.00010975,0.00010975,0.00010975
172,652.163,0.95882,0.95834,0.86749,0.87355,0.81014,0.91191,0.65801,1.11322,0.82964,0.96947,0.000108925,0.000108925,0.000108925
173,655.376,0.91724,0.92667,0.87842,0.85557,0.82414,0.9113,0.66124,1.10417,0.83695,0.96381,0.0001081,0.0001081,0.0001081
174,658.94,0.96884,0.96362,0.87657,0.87642,0.80256,0.914,0.67085,1.10489,0.81945,0.96835,0.000107275,0.000107275,0.000107275
175,663.944,0.95521,0.9158,0.86652,0.83768,0.83364,0.91204,0.66984,1.09995,0.81762,0.96886,0.00010645,0.00010645,0.00010645
176,667.192,0.91664,0.93402,0.86244,0.87147,0.82179,0.90497,0.65958,1.0961,0.82707,0.96217,0.000105625,0.000105625,0.000105625
177,670.41,0.92206,0.91603,0.86866,0.86402,0.81988,0.90758,0.66393,1.0898,0.82178,0.96334,0.0001048,0.0001048,0.0001048
178,673.845,0.93593,0.92734,0.86865,0.88015,0.81874,0.91476,0.66454,1.09491,0.80745,0.96704,0.000103975,0.000103975,0.000103975
179,678.704,0.95089,0.96193,0.86723,0.89554,0.81618,0.9141,0.66953,1.07338,0.79469,0.96245,0.00010315,0.00010315,0.00010315
180,682.11,0.946,0.93706,0.8665,0.85578,0.8434,0.91046,0.66961,1.0729,0.81318,0.96058,0.000102325,0.000102325,0.000102325
181,685.099,0.95981,0.94041,0.86464,0.89347,0.80374,0.91324,0.66462,1.0729,0.81953,0.95765,0.0001015,0.0001015,0.0001015
182,688.426,0.95002,0.96463,0.87555,0.90531,0.82635,0.92244,0.67221,1.07969,0.79954,0.9577,0.000100675,0.000100675,0.000100675
183,693.3,0.94025,0.96713,0.8638,0.89853,0.81779,0.92385,0.67759,1.0772,0.79346,0.95893,9.985e-05,9.985e-05,9.985e-05
184,696.902,0.95917,0.95559,0.87255,0.9126,0.83206,0.92843,0.68022,1.07513,0.79981,0.95955,9.9025e-05,9.9025e-05,9.9025e-05
185,700.075,0.92055,0.92914,0.87,0.8952,0.84854,0.9289,0.67969,1.05947,0.79075,0.95688,9.82e-05,9.82e-05,9.82e-05
186,703.35,0.95355,0.93652,0.86685,0.86336,0.86074,0.9242,0.67993,1.06646,0.80134,0.95878,9.7375e-05,9.7375e-05,9.7375e-05
187,708.018,0.92247,0.90963,0.86417,0.88429,0.85681,0.93246,0.68966,1.06849,0.79563,0.9605,9.655e-05,9.655e-05,9.655e-05
188,711.922,0.96152,0.94471,0.88572,0.90596,0.84406,0.93143,0.67963,1.06872,0.78085,0.95913,9.5725e-05,9.5725e-05,9.5725e-05
189,715.08,0.90139,0.91407,0.86923,0.91671,0.8356,0.93315,0.67572,1.07717,0.77498,0.9593,9.49e-05,9.49e-05,9.49e-05
190,718.37,0.93122,0.94924,0.85682,0.90642,0.8437,0.92895,0.6749,1.06138,0.77113,0.9565,9.4075e-05,9.4075e-05,9.4075e-05
191,722.746,0.93964,0.92539,0.86645,0.91413,0.84028,0.93357,0.67606,1.07409,0.77382,0.95656,9.325e-05,9.325e-05,9.325e-05
192,726.752,0.94713,0.95274,0.87148,0.86975,0.85378,0.92836,0.67171,1.06906,0.80635,0.95636,9.2425e-05,9.2425e-05,9.2425e-05
193,730.009,0.90635,0.9475,0.86502,0.86181,0.85784,0.9148,0.66272,1.07189,0.80906,0.96066,9.16e-05,9.16e-05,9.16e-05
194,733.129,0.95296,0.95272,0.86561,0.88868,0.83911,0.92318,0.66868,1.09725,0.78994,0.96718,9.0775e-05,9.0775e-05,9.0775e-05
195,737.371,0.88331,0.90281,0.86351,0.91218,0.83675,0.92654,0.67504,1.09062,0.79122,0.96844,8.995e-05,8.995e-05,8.995e-05
196,741.623,0.89903,0.93345,0.86269,0.90266,0.81417,0.92512,0.67526,1.06731,0.77957,0.96762,8.9125e-05,8.9125e-05,8.9125e-05
197,744.87,0.95056,0.93815,0.86388,0.89202,0.81827,0.92773,0.67735,1.06601,0.77402,0.96462,8.83e-05,8.83e-05,8.83e-05
198,747.95,0.92327,0.91837,0.86042,0.88086,0.83286,0.92598,0.68275,1.05808,0.78464,0.96049,8.7475e-05,8.7475e-05,8.7475e-05
199,751.848,0.94594,0.9406,0.86631,0.86563,0.84693,0.92045,0.66989,1.08455,0.79731,0.96819,8.665e-05,8.665e-05,8.665e-05
200,756.401,0.94882,0.93828,0.86245,0.87178,0.85448,0.92299,0.6765,1.06798,0.78816,0.96182,8.5825e-05,8.5825e-05,8.5825e-05
201,759.569,0.91581,0.9052,0.86428,0.87118,0.85153,0.92661,0.67562,1.06068,0.77732,0.95958,8.5e-05,8.5e-05,8.5e-05
202,762.835,0.88317,0.87698,0.85619,0.87501,0.83586,0.91975,0.67193,1.07589,0.77407,0.96746,8.4175e-05,8.4175e-05,8.4175e-05
